random1,random2,random3
0.608745963,0.342994254,0.104288447
0.826086859,0.570425099,0.736229519
0.703169489,0.265318737,0.82398214
0.816277639,0.742109553,0.818677831
0.038610216,0.523453506,0.685751831
0.231415507,0.114637158,0.296571078
0.849727204,0.884491218,0.564754749
0.335672572,0.253552334,0.476748455
0.86836847,0.256411847,0.410043091
0.752019155,0.455350699,0.449919426
